Model,accuracy,precision,recall,f1
RF_1,0.7,0.7737226277372263,0.6198830409356725,0.6883116883116883
RF_5,0.746875,0.7884615384615384,0.7192982456140351,0.7522935779816514
RF_10,0.796875,0.8680555555555556,0.7309941520467836,0.7936507936507936
RF_25,0.790625,0.8209876543209876,0.7777777777777778,0.7987987987987988
RF_50,0.7875,0.8410596026490066,0.7426900584795322,0.7888198757763976
RF_100,0.8,0.8496732026143791,0.7602339181286549,0.8024691358024691
SingleTree_deep,0.728125,0.7592592592592593,0.7192982456140351,0.7387387387387387
